drug_id,canonical_name,condition,suggested_category,manual_category,Column1
1,ivacaftor;tezacaftor;elexacaftor,Cystic fibrosis,Rare respiratory disease,Rare respiratory disease,
2,vorasidenib,Glioma,Rare neoplastic disease,Rare neoplastic disease,
3,delamanid,Tuberculosis,Rare infectious disease,Rare infectious disease,
4,trofinetide,Rett syndrome + Fragile X syndrome,Rare neurologic disease + Rare developmental defect during embryogenesis,Rare neurologic disease + Rare developmental defect during embryogenesis,
5,pemigatinib,Haematopoietic neoplasm + Bile duct cancer,NA: Haematopoietic neoplasm + NA: Bile duct cancer,Rare neoplastic disease,
6,omaveloxolone,Friedreich's ataxia,NA: Friedreich's ataxia,Rare neurologic disease,
7,velmanase alfa,"GENERAL Congenital, familial and genetic disorders","NA: GENERAL Congenital, familial and genetic disorders",Rare genetic disease,
8,ganaxolone,Tuberous sclerosis complex + Seizures and seizure disorders NEC,Rare developmental defect during embryogenesis + NA: Seizures and seizure disorders NEC,Rare developmental defect during embryogenesis + Rare neurologic disease,
9,cannabidiol,Mitochondrial encephalomyopathy + 22q11.2 deletion syndrome + Epidermolysis bullosa + Epilepsy with myoclonic-atonic seizures + Fragile X syndrome + Tuberous sclerosis + Lennox-Gastaut syndrome + Graft versus host disease + Perinatal asphyxia + Dravet syndrome,Rare neurologic disease + Rare developmental defect during embryogenesis + Rare skin disease + Rare immune disease + NA: Perinatal asphyxia,Rare neurologic disease + Rare developmental defect during embryogenesis + Rare skin disease + Rare immune disease,
10,cabozantinib,medullary thyroid carcinoma,Rare neoplastic disease,Rare neoplastic disease,
11,tovorafenib,Glioma,Rare neoplastic disease,Rare neoplastic disease,
12,paltusotine,Acromegaly,Rare endocrine disease,Rare endocrine disease,
13,mavorixafor,WHIM syndrome,Rare immune disease,Rare immune disease,
14,ivosidenib,Myelodysplastic syndrome + Chondrosarcoma + Acute myeloid leukaemia,Rare neoplastic disease,Rare neoplastic disease,
15,seladelpar lysine dihydrate,Primary biliary cholangitis,Rare hepatic disease,Rare hepatic disease,
16,pretomanid,Tuberculosis,Rare infectious disease,Rare infectious disease,
17,sepiapterin,Hyperphenylalaninaemia,NA: Hyperphenylalaninaemia,Rare inborn errors of metabolism,
18,vimseltinib dihydrate,Giant cell tumour of tendon sheath,NA: Giant cell tumour of tendon sheath,Rare neoplastic disease,
19,ripretinib,gastrointestinal stromal tumours,NA: gastrointestinal stromal tumours,Rare neoplastic disease,
20,belumosudil mesilate,Graft versus host disease,Rare immune disease,Rare immune disease,
21,doxecitine;doxribtimine,Mitochondrial DNA depletion,Rare inborn errors of metabolism,Rare inborn errors of metabolism,
22,selumetinib,"Astrocytoma, low grade","NA: Astrocytoma, low grade",Rare neoplastic disease,
23,dabrafenib mesilate,Glioma,Rare neoplastic disease,Rare neoplastic disease,
24,vamorolone,Duchenne muscular dystrophy,Rare neurologic disease,Rare neurologic disease,
25,mexiletine,Myotonic disorders,NA: Myotonic disorders,Rare neurologic disease,
26,gilteritinib,Acute myeloid leukaemia,Rare neoplastic disease,Rare neoplastic disease,
27,midostaurin,Mastocytosis + Acute myeloid leukaemia,Rare neoplastic disease,Rare neoplastic disease,
28,fedratinib dihydrochloride monohydrate,Myelofibrosis + Primary myelofibrosis,Rare neoplastic disease,Rare neoplastic disease,
29,danicopan,C3 glomerulopathy + Paroxysmal nocturnal haemoglobinuria,Rare renal disease + NA: Paroxysmal nocturnal haemoglobinuria,Rare renal disease + Rare hematologic disease,
30,avapritinib,Mastocytosis + Gastrointestinal stromal tumour,Rare neoplastic disease,Rare neoplastic disease,
31,pridopidine,Amyotrophic lateral sclerosis + Huntington's disease,Rare neurologic disease + NA: Huntington's disease,Rare neurologic disease,
32,rilzabrutinib,Immunoglobulin G4 related disease + Autoimmune haemolytic anaemia + Immune thrombocytopenic purpura + Pemphigus,NA: Immunoglobulin G4 related disease + NA: Autoimmune haemolytic anaemia + NA: Immune thrombocytopenic purpura + Rare skin disease,Rare immune disease + Rare hematologic disease + Rare skin disease,
33,glucarpidase,Adjunctive treatment in patients at risk of methotrexate toxicity,NA: Adjunctive treatment in patients at risk of methotrexate toxicity,Rare disorder due to toxic effects,
34,iptacopan monohydrate,IgA nephropathy + Paroxysmal nocturnal haemoglobinuria + C3 glomerulopathy,NA: IgA nephropathy + NA: Paroxysmal nocturnal haemoglobinuria + Rare renal disease,Rare hematologic disease + Rare renal disease,
35,letermovir,Cytomegaloviral infections,NA: Cytomegaloviral infections,Rare infectious disease,
36,telotristat etiprate,Carcinoid tumor,NA: Carcinoid tumor,Rare neoplastic disease,
37,asciminib,Chronic myeloid leukaemia,Rare neoplastic disease,Rare neoplastic disease,
38,sparsentan,IgA nephropathy + Focal segmental glomerulosclerosis,NA: IgA nephropathy + NA: Focal segmental glomerulosclerosis,Rare hematologic disease + Rare renal disease,
39,glycerol phenylbutyrate,Epileptic encephalopathy + Arginase deficiency + Ornithine carbamoyltransferase deficiency,Rare neurologic disease + NA: Arginase deficiency + NA: Ornithine carbamoyltransferase deficiency,Rare neurologic disease + Rare inborn errors of metabolism,
40,niraparib,mantle cell lymphoma,Rare neoplastic disease,Rare neoplastic disease,
41,lutetium oxodotreotide,gastro-entero-pancreatic neuroendocrine tumours,NA: gastro-entero-pancreatic neuroendocrine tumours,Rare neoplastic disease,
42,trametinib dimethyl sulfoxide,Glioma,Rare neoplastic disease,Rare neoplastic disease,
43,maribavir,cytomegalovirus disease in patients with impaired cell mediated immunity,Rare infectious disease,Rare infectious disease,
44,sebetralstat,Hereditary angioedema with C1 esterase inhibitor deficiency,NA: Hereditary angioedema with C1 esterase inhibitor deficiency,Rare systemic or rheumatologic disease,
45,nirogacestat hydrobromide,Soft tissue sarcoma,Rare neoplastic disease,Rare neoplastic disease,
46,tafamidis,senile systemic amyloidosis,NA: senile systemic amyloidosis,Rare systemic or rheumatologic disease,
47,maralixibat chloride,Structural and other bile duct disorders + Progressive familial intrahepatic cholestasis + Primary sclerosing cholangitis + Alagille syndrome + Primary biliary cirrhosis,NA: Structural and other bile duct disorders + Rare hepatic disease + Rare developmental defect during embryogenesis + NA: Primary biliary cirrhosis,Rare hepatic disease + Rare developmental defect during embryogenesis,
48,pitolisant,Narcolepsy,Rare neurologic disease,Rare neurologic disease,
49,migalastat,Fabry's disease,NA: Fabry's disease,Rare inborn errors of metabolism,
50,ixazomib,Multiple myeloma,Rare neoplastic disease,Rare neoplastic disease,
51,mirdametinib,Neurofibromatosis,Rare neurologic disease,Rare neurologic disease,
52,chenodeoxycholic acid,inborn errors of primary bile acid synthesis,NA: inborn errors of primary bile acid synthesis,Rare inborn errors of metabolism,
53,mercaptamine,Cystinosis + Cystic fibrosis,Rare inborn errors of metabolism + Rare respiratory disease,Rare inborn errors of metabolism + Rare respiratory disease,
54,elafibranor,Cholangitis sclerosing + Biliary cirrhosis primary,NA: Cholangitis sclerosing + NA: Biliary cirrhosis primary,Rare hepatic disease,
55,isavuconazole,invasive aspergillosis,NA: invasive aspergillosis,Rare infectious disease,
56,givinostat monohydrate,Duchenne muscular dystrophy,Rare neurologic disease,Rare neurologic disease,
57,odevixibat,Alagille syndrome,Rare developmental defect during embryogenesis,Rare developmental defect during embryogenesis,
58,sirolimus,Osteosarcoma + Adenomatous polyposis coli + Lymphangioma + Bronchiolitis obliterans syndrome + Soft tissue sarcoma + Sickle cell disease + Tuberous sclerosis + Pachyonychia congenita,Rare neoplastic disease + NA: Adenomatous polyposis coli + Rare developmental defect during embryogenesis + NA: Bronchiolitis obliterans syndrome + Rare hematologic disease + Rare skin disease,Rare neoplastic disease + Rare gastroenterologic disease+ Rare developmental defect during embryogenesis + Rare respiratory disease + Rare hematologic disease + Rare skin disease,
59,resminostat mesilate,Hepatocellular carcinoma + Cutaneous T-cell lymphoma + Hodgkin's disease,Rare neoplastic disease + NA: Hodgkin's disease,Rare neoplastic disease,
60,artesunate,Malaria,Rare infectious disease,Rare infectious disease,
61,eliglustat,Gaucher disease,Rare inborn errors of metabolism,Rare inborn errors of metabolism,
62,momelotinib dihydrochloride monohydrate,Myelofibrosis,Rare neoplastic disease,Rare neoplastic disease,
63,glasdegib,Acute myeloid leukaemia,Rare neoplastic disease,Rare neoplastic disease,
64,tiratricol,Thyroid hormone replacement therapy + Allan-Herndon-Dudley syndrome,NA: Thyroid hormone replacement therapy + Rare neurologic disease,Rare endocrine disease + Rare neurologic disease,
65,budesonide + micronised,Eosinophilic oesophagitis,NA: Eosinophilic oesophagitis,Rare gastroenterologic disease,
66,avacopan,C3 glomerulopathy + Granulomatosis with polyangiitis + Microscopic polyangiitis,Rare renal disease + Rare systemic or rheumatologic disease,Rare renal disease + Rare systemic or rheumatologic disease,
67,govorestat,Immunodeficiency + Galactosaemia,Rare immune disease + NA: Galactosaemia,Rare immune disease + Rare inborn errors of metabolism,
68,masitinib mesilate,Amyotrophic lateral sclerosis + Pancreatic cancer + Multiple myeloma + Mastocytosis,Rare neurologic disease + NA: Pancreatic cancer + Rare neoplastic disease,Rare neurologic disease + Rare neoplastic disease,
69,lonafarnib,Progeria,Rare developmental defect during embryogenesis,Rare developmental defect during embryogenesis,
70,chlormethine,Cutaneous T-cell lymphoma,Rare neoplastic disease,Rare neoplastic disease,
71,osilodrostat,Cushing's syndrome,NA: Cushing's syndrome,Rare endocrine disease,
72,irinotecan anhydrous free-base,Pancreatic cancer,NA: Pancreatic cancer,Rare neoplastic disease,
73,polihexanide,Keratitis fungal + Acanthamoeba keratitis,NA: Keratitis fungal + NA: Acanthamoeba keratitis,Rare ophthalmic disorder,
74,leriglitazone,Friedreich's ataxia + Adrenoleukodystrophy,NA: Friedreich's ataxia + Rare inborn errors of metabolism,Rare neurologic disease + Rare inborn errors of metabolism,
75,voxelotor,Sickle cell disease,Rare hematologic disease,Rare hematologic disease,
76,fosdenopterin hydrobromide dihydrate,Molybdenum cofactor deficiency,Rare inborn errors of metabolism,Rare inborn errors of metabolism,
77,daunorubicin ;cytarabine,Acute myeloid leukaemia,Rare neoplastic disease,Rare neoplastic disease,
78,alpelisib,Lymphangioma + PIK3CA related overgrowth spectrum,Rare developmental defect during embryogenesis + NA: PIK3CA related overgrowth spectrum,Rare developmental defect during embryogenesis + Rare developmental defect during embryogenesis,
79,glibenclamide,neonatal diabetes,Rare endocrine disease,Rare endocrine disease,
80,palovarotene,Fibrodysplasia ossificans progressiva,Rare bone disease,Rare bone disease,
81,copanlisib dihydrochloride,Marginal zone lymphoma,Rare neoplastic disease,Rare neoplastic disease,
82,arimoclomol,Inclusion body myositis + Niemann-Pick disease + Amyotrophic lateral sclerosis,Rare neurologic disease + Rare inborn errors of metabolism,Rare neurologic disease + Rare inborn errors of metabolism,
83,bardoxolone methyl,Chronic kidney disease-mineral and bone disorder + Myasthenia gravis + Neuromyelitis optica + Paroxysmal nocturnal haemoglobinuria,NA: Chronic kidney disease-mineral and bone disorder + Rare neurologic disease + NA: Paroxysmal nocturnal haemoglobinuria,Rare renal disease+ Rare neurologic disease + Rare hematologic disease,
84,infigratinib monophosphate,Cholangiocarcinoma + Hypochondroplasia + Achondroplasia,Rare neoplastic disease + Rare bone disease,Rare neoplastic disease + Rare bone disease,
85,mitapivat,Sickle cell disease + Thalassaemia alpha + Thalassaemia + Pyruvate kinase deficiency anaemia,Rare hematologic disease + NA: Thalassaemia alpha + NA: Thalassaemia + NA: Pyruvate kinase deficiency anaemia,Rare hematologic disease,
86,eflornithine ;sulindac,Familial adenomatous polyposis,Rare gastroenterologic disease,Rare gastroenterologic disease,
87,idebenone;titanium dioxide,Duchenne muscular dystrophy + Friedreich's ataxia,Rare neurologic disease + NA: Friedreich's ataxia,Rare neurologic disease,
88,pexidartinib,"tenosynovial giant cell tumour, localised and diffuse type","NA: tenosynovial giant cell tumour, localised and diffuse type",Rare neoplastic disease,
89,deferiprone,neurodegeneration with brain iron accumulation + sickle cell disease,Rare neurologic disease + Rare hematologic disease,Rare neurologic disease + Rare hematologic disease,
90,edaravone,Amyotrophic lateral sclerosis,Rare neurologic disease,Rare neurologic disease,
91,benzoate,N-acetylglutamate synthase deficiency + Lysinuric protein intolerance + Ornithine transcarbamylase deficiency + Arginase deficiency,Rare inborn errors of metabolism + NA: Arginase deficiency,Rare inborn errors of metabolism + Rare inborn errors of metabolism,
92,caffeine,Bronchopulmonary dysplasia + Primary apnoea of premature newborns,Rare respiratory disease + NA: Primary apnoea of premature newborns,Rare respiratory disease,
93,mifepristone,Cushing's syndrome,NA: Cushing's syndrome,Rare endocrine disease,
94,etarfolatide,Ovarian cancer,Rare neoplastic disease,Rare neoplastic disease,
95,romidepsin,Cutaneous T-cell lymphoma,Rare neoplastic disease,Rare neoplastic disease,
96,pralatrexate,Hodgkin's lymphoma + Cutaneous T-cell lymphoma,NA: Hodgkin's lymphoma + Rare neoplastic disease,Rare neoplastic disease,
97,gusperimus trihydrochloride,Wegener’s granulomatosis,NA: Wegener’s granulomatosis,Rare systemic or rheumatologic disease,
98,beclomethasone dipropionate,intestinal graft-versus-host disease,NA: intestinal graft-versus-host disease,Rare immune disease,
99,eprodisate disodium,systemic secondary amyloidosis,NA: systemic secondary amyloidosis,Rare systemic or rheumatologic disease,
100,fluocinolone acetonide,Uveitis,Rare ophthalmic disorder,Rare ophthalmic disorder,
101,rubitecan,Pancreatic cancer,NA: Pancreatic cancer,Rare neoplastic disease,
102,bosentan,Systemic sclerosis (scleroderma) + Pulmonary arterial hypertension and chronic thromboembolic pulmonary hypertension + Idiopathic pulmonary fibrosis,NA: Systemic sclerosis (scleroderma) + NA: Pulmonary arterial hypertension and chronic thromboembolic pulmonary hypertension + Rare respiratory disease,Rare skin disease + Rare respiratory disease + Rare respiratory disease,
103,5-aminolevulinic acid,Glioma,Rare neoplastic disease,Rare neoplastic disease,
104,acalabrutinib,Mantle cell lymphoma,Rare neoplastic disease,Rare neoplastic disease,
105,acetylcysteine,Pseudomyxoma peritonei + Idiopathic pulmonary fibrosis,Rare neoplastic disease + Rare respiratory disease,Rare neoplastic disease + Rare respiratory disease,
106,acoramidis,Amyloidoses,NA: Amyloidoses,Rare systemic or rheumatologic disease,
107,acyclovir,acute herpetic keratitis,NA: acute herpetic keratitis,Rare ophthalmic disorder,
108,adagrasib,KRAS G12C-mutated lung cancer,NA: KRAS G12C-mutated lung cancer,Rare neoplastic disease,
109,afatinib,Complex regional pain syndrome + Blood and lymphatic system disorders congenital,Rare neurologic disease + NA: Blood and lymphatic system disorders congenital,Rare neurologic disease + Rare hematologic disease,
110,aficamten,symptomatic hypertrophic cardiomyopathy.,NA: symptomatic hypertrophic cardiomyopathy.,Rare cardiac disease,
111,albendazole,cystic hydatid disease,NA: cystic hydatid disease,Rare infectious disease,
112,alectinib,ALK-positive non-small cell lung cancer,NA: ALK-positive non-small cell lung cancer,Rare neoplastic disease,
113,alitretinoin,Kaposi's sarcoma,NA: Kaposi's sarcoma,Rare neoplastic disease,
114,allopurinol,Marfan's syndrome + Perinatal asphyxia,NA: Marfan's syndrome + NA: Perinatal asphyxia,Rare systemic or rheumatologic disease+ Rare neurologic disease,
115,altretamine,adenocarcinoma of the ovary,Rare neoplastic disease,Rare neoplastic disease,
116,amantadine,levodopa-induced dyskinesia + levodopa-induced dyskinesia,NA: levodopa-induced dyskinesia,Rare neurologic disease,
117,ambrisentan,Idiopathic pulmonary fibrosis,Rare respiratory disease,Rare respiratory disease,
118,amifampridine,Lambert-Eaton myasthenic syndrome,Rare neurologic disease,Rare neurologic disease,
119,amifostine,reduction of the incidence and severity of toxicities associated with cisplatin administration,NA: reduction of the incidence and severity of toxicities associated with cisplatin administration,Other,
120,amiodarone hcl,ventricular tachycardia or ventricular fibrillation,NA: ventricular tachycardia or ventricular fibrillation,Rare cardiac disease,
121,amphotericin b lipid complex,Meningitis cryptococcal,NA: Meningitis cryptococcal,Rare infectious disease,
122,anagrelide,Essential thrombocythaemia + Gastrointestinal stromal tumour,NA: Essential thrombocythaemia + Rare neoplastic disease,Rare hematologic disease + Rare neoplastic disease,
123,apomorphine hcl,moderate and severe traumatic brain injury + Parkinson disease + Amyotrophic lateral sclerosis,Rare neurologic disease,Rare neurologic disease,
124,apremilast,Behcet's disease,NA: Behcet's disease,Rare systemic or rheumatologic disease,
125,aripiprazole,Tourette's,NA: Tourette's,Rare neurologic disease,
126,arsenic trioxide,Acute promyelocytic leukaemia + Acute myeloid leukaemia + Multiple myeloma + Myelodysplastic syndromes,Rare neoplastic disease,Rare neoplastic disease,
127,artemether/lumefantrine,Malaria,Rare infectious disease,Rare infectious disease,
128,ascorbic acid,Facioscapulohumeral muscular dystrophy,NA: Facioscapulohumeral muscular dystrophy,Rare genetic disease,
129,atovaquone,AIDS associated Pneumocystis Carinii Pneumonia,NA: AIDS associated Pneumocystis Carinii Pneumonia,Rare infectious disease,
130,avatrombopag,idiopathic thrombocytopenic purpura,NA: idiopathic thrombocytopenic purpura,Rare hematologic disease,
131,avutometinib; defactinib,Ovarian cancer,Rare neoplastic disease,Rare neoplastic disease,
132,azacitidine,Nasopharyngeal carcinoma + Acute myeloid leukaemia + Myelodysplastic syndromes,Rare neoplastic disease,Rare neoplastic disease,
133,aztreonam,gram negative bacterial lung infection in cystic fibrosis,NA: gram negative bacterial lung infection in cystic fibrosis,Rare respiratory disease,
134,baclofen,Fragile X syndrome,Rare developmental defect during embryogenesis,Rare developmental defect during embryogenesis,
135,balsalazide disodium,ulcerative colitis,NA: ulcerative colitis,Rare gastroenterologic disease,
136,bedaquiline,Tuberculosis,Rare infectious disease,Rare infectious disease,
137,belinostat,"peripheral T-cell lymphoma (nodal, other extranodal and leukaemic/disseminated) + Thymic epithelial tumors","NA: peripheral T-cell lymphoma (nodal, other extranodal and leukaemic/disseminated) + NA: Thymic epithelial tumors",Rare neoplastic disease,
138,belzutifan,Von Hippel-Lindau disease,Rare neoplastic disease,Rare neoplastic disease,
139,bendamustine for 50 ml admixture,lymphoma,Rare neoplastic disease,Rare neoplastic disease,
140,benznidazole,Chagas disease,NA: Chagas disease,Rare infectious disease,
141,benzoate and phenylacetate,Arginase deficiency + Argininosuccinate lyase deficiency + Argininosuccinate synthetase deficiency + Carbamoyl phosphate synthetase deficiency + Urea cycle disorder,NA: Arginase deficiency + NA: Argininosuccinate lyase deficiency + NA: Argininosuccinate synthetase deficiency + NA: Carbamoyl phosphate synthetase deficiency + NA: Urea cycle disorder,Rare inborn errors of metabolism,
142,berotralstat,Hereditary angioedema,Rare systemic or rheumatologic disease,Rare systemic or rheumatologic disease,
143,betaine,Homocystinuria,Rare inborn errors of metabolism,Rare inborn errors of metabolism,
144,bexarotene,cutaneous T-cell lymphoma,Rare neoplastic disease,Rare neoplastic disease,
145,bicarbonate infusate,continuous renal replacement therapy,NA: continuous renal replacement therapy,Rare renal disease,
146,birch triterpenes,Epidermolysis bullosa,Rare skin disease,Rare skin disease,
147,bortezomib,Amyloidosis,Rare systemic or rheumatologic disease,Rare systemic or rheumatologic disease,
148,bosutinib,Chronic myeloid leukaemia,Rare neoplastic disease,Rare neoplastic disease,
149,brigatinib,lymphoma,Rare neoplastic disease,Rare neoplastic disease,
150,brilliant blue g ophthalmic solution,During ophthalmic surgery,NA: During ophthalmic surgery,Rare ophthalmic disorder,
151,brincidofovir,Smallpox,NA: Smallpox,Rare infectious disease,
152,buprenorphine in combination with naloxone,opiate addiction,NA: opiate addiction,Rare disorder due to toxic effects,
153,busulfan,Conditioning treatment prior to haematopoietic progenitor cell transplantation,NA: Conditioning treatment prior to haematopoietic progenitor cell transplantation,Rare disorder potentially indicated for transplant or complication after transplantation,
154,calcium,hypoparathyroidism,Rare endocrine disease,Rare endocrine disease,
155,calcium + magnesium + potassium + and oxybates,idiopathic hypersomnia,Rare neurologic disease,Rare neurologic disease,
156,capmatinib,non-small cell lung cancer,NA: non-small cell lung cancer,Rare neoplastic disease,
157,capsaicin,painful HIV-associated neuropathy,NA: painful HIV-associated neuropathy,Rare neurologic disease,
158,carfilzomib,Multiple myeloma,Rare neoplastic disease,Rare neoplastic disease,
159,carglumic acid,Methylmalonic aciduria + Isovaleric acidaemia + Propionic acidaemia,Rare inborn errors of metabolism + NA: Isovaleric acidaemia + NA: Propionic acidaemia,Rare inborn errors of metabolism,
160,cedazuridine and decitabine,Myelodysplastic syndrome + Acute myeloid leukaemia,Rare neoplastic disease,Rare neoplastic disease,
161,ceritinib,non-small cell lung carcinoma (NSCLC) that is anaplastic lymphoma kinase (ALK)-positive,NA: non-small cell lung carcinoma (NSCLC) that is anaplastic lymphoma kinase (ALK)-positive,Rare neoplastic disease,
162,cholic acid,Drug toxicity prophylaxis,NA: Drug toxicity prophylaxis,Rare disorder due to toxic effects,
163,cinacalcet,primary hyperparathyroidism,Rare bone disease,Rare bone disease,
164,cladribine,Myeloid leukaemia + Mastocytosis,Rare neoplastic disease,Rare neoplastic disease,
165,clobazam,Lennox-Gastaut Syndrome,Rare neurologic disease,Rare neurologic disease,
166,clofarabine,Acute myeloid leukaemia + Acute lymphoblastic leukaemia,Rare neoplastic disease,Rare neoplastic disease,
167,clofazimine,Atypical mycobacterial lower respiratory tract infection,NA: Atypical mycobacterial lower respiratory tract infection,Rare respiratory disease,
168,clonidine,Oral mucositis in head and neck cancer patients undergoing radiation therapy,NA: Oral mucositis in head and neck cancer patients undergoing radiation therapy,Rare neoplastic disease,
169,clotrimazole,otomycosis,NA: otomycosis,Rare otorhinolaryngologic disease + Rare infectious disease,
170,cobicistat,Retinitis pigmentosa,Rare ophthalmic disorder,Rare ophthalmic disorder,
171,cobimetinib,melanoma with BRAFV600 mutation,NA: melanoma with BRAFV600 mutation,Rare neoplastic disease,
172,colchicine,multiple sclerosis,Rare neurologic disease,Rare neurologic disease,
173,colfosceril palmitate + cetyl alcohol + tyloxapol,Respiratory Distress Syndrome,Rare respiratory disease,Rare respiratory disease,
174,copper histidinate,Menkes disease,Rare inborn errors of metabolism,Rare inborn errors of metabolism,
175,crinecerfont,21-hydroxylase deficiency,Rare developmental defect during embryogenesis,Rare developmental defect during embryogenesis,
176,crizotinib,non-small cell lung cancer + myofibroblastic tumors,NA: non-small cell lung cancer + NA: myofibroblastic tumors,Rare neoplastic disease,
177,cromolyn ophthalmic solution,cromolyn,NA: cromolyn,Rare neoplastic disease,
178,cysteamine enteric coated,Cystic fibrosis + Cystinosis + Rett syndrome + Huntington’s disease + Pancreatic cancer,Rare respiratory disease + Rare inborn errors of metabolism + Rare neurologic disease + NA: Huntington’s disease + NA: Pancreatic cancer,Rare respiratory disease + Rare inborn errors of metabolism + Rare neurologic disease + Rare neoplastic disease,
179,cytarabine liposomal,Acute myeloid leukaemia,Rare neoplastic disease,Rare neoplastic disease,
180,d6-tetrabenazine + deutetrabenazine,Huntington's Disease,NA: Huntington's Disease,Rare neurologic disease,
181,dacomitinib,metastatic non-small cell lung cancer,NA: metastatic non-small cell lung cancer,Rare neoplastic disease,
182,dalfampridine,multiple sclerosis,Rare neurologic disease,Rare neurologic disease,
183,dantrolene suspension for injection,Malignant hyperthermia + Wolfram syndrome,Rare neurologic disease + Rare endocrine disease,Rare neurologic disease + Rare endocrine disease,
184,dasatinib,Acute lymphoblastic leukaemia + Chronic myeloid leukaemia,Rare neoplastic disease,Rare neoplastic disease,
185,daunorubicin liposome injection,Acute myeloid leukaemia,Rare neoplastic disease,Rare neoplastic disease,
186,decitabine,Acute myeloid leukaemia + Myelodysplastic syndromes,Rare neoplastic disease,Rare neoplastic disease,
187,deferasirox,Iron overload,Rare genetic disease,Rare genetic disease,
188,deflazacort,Duchenne muscular dystrophy,Rare neurologic disease,Rare neurologic disease,
189,dehydrated alcohol,hypertrophic obstructive cardiomyopathy,NA: hypertrophic obstructive cardiomyopathy,Rare cardiac disease,
190,delandistrogene moxeparvovec-rokl,Duchenne muscular dystrophy,Rare neurologic disease,Rare neurologic disease,
191,dexamethasone intravitreal implant,non-infectious uveitis affecting the posterior segment of the eye,NA: non-infectious uveitis affecting the posterior segment of the eye,Rare ophthalmic disorder,
192,dexrazoxane,Anthracycline extravasations,NA: Anthracycline extravasations,Rare disorder due to toxic effects,
193,diazepam,acute repetitive seizures,NA: acute repetitive seizures,Rare neoplastic disease,
194,diazoxide choline,Glycogen storage disease type I + Prader-Willi syndrome,NA: Glycogen storage disease type I + Rare developmental defect during embryogenesis,Rare inborn errors of metabolism + Rare developmental defect during embryogenesis,
195,dichlorphenamide,periodic paralyses,NA: periodic paralyses,Rare neurologic disease,
196,diethylenetriaminepentaacetic acid,Ovarian cancer,Rare neoplastic disease,Rare neoplastic disease,
197,difluprednate,anterior uveitis + panuveitis,Rare ophthalmic disorder,Rare ophthalmic disorder,
198,dordaviprone,Glioma,Rare neoplastic disease,Rare neoplastic disease,
199,doxorubicin hcl liposome injection,Hepatocellular carcinoma,Rare neoplastic disease,Rare neoplastic disease,
200,dronabinol,Complex regional pain syndrome + Glioma,Rare neurologic disease + Rare neoplastic disease,Rare neurologic disease + Rare neoplastic disease,
201,droxidopa,orthostatic hypotension in patients with multiple system atrophy,NA: orthostatic hypotension in patients with multiple system atrophy,Rare neurologic disease,
202,duvelisib,T-cell lymphoma + Follicular lymphoma + Chronic lymphocytic leukaemia,Rare neoplastic disease,Rare neoplastic disease,
203,eflornithine hcl,familial adenomatous polyposis + Neuroblastoma + Glioma,Rare gastroenterologic disease + Rare neoplastic disease,Rare gastroenterologic disease + Rare neoplastic disease,
204,elamipretide,Mitochondrial DNA depletion + Barth syndrome,Rare inborn errors of metabolism,Rare inborn errors of metabolism,
205,elapegademase-lvlr,adenosine deaminase deficiency,Rare immune disease,Rare immune disease,
206,eltrombopag,Idiopathic thrombocytopenic purpura,NA: Idiopathic thrombocytopenic purpura,Rare hematologic disease,
207,emtricitabine and tenofovir alafenamide,Aicardi-Goutières syndrome,Rare neurologic disease,Rare neurologic disease,
208,enasidenib,Acute myeloid leukaemia,Rare neoplastic disease,Rare neoplastic disease,
209,encorafenib,Non-Small Cell Lung Cancer,NA: Non-Small Cell Lung Cancer,Rare neoplastic disease,
210,encorafenib + binimetinib,metastatic melanoma,NA: metastatic melanoma,Rare neoplastic disease,
211,entrectinib,Neuroblastoma,Rare neoplastic disease,Rare neoplastic disease,
212,epirubicin,Breast cancer,Rare neoplastic disease,Rare neoplastic disease,
213,epoetin alfa,anemia associated with HIV infection or HIV treatment,NA: anemia associated with HIV infection or HIV treatment,Rare hematologic disease,
214,epoprostenol,pulmonary hypertension,Rare respiratory disease,Rare respiratory disease,
215,eribulin,soft tissue sarcoma,Rare neoplastic disease,Rare neoplastic disease,
216,ethanolamine oleate,"patients with esophageal varices that have recently bled, to prevent rebleeding","NA: patients with esophageal varices that have recently bled, to prevent rebleeding",Other,
217,ethiodized oil injection,hepatocellular carcinoma,Rare neoplastic disease,Rare neoplastic disease,
218,etidronate disodium,Pseudoxanthoma elasticum,Rare skin disease,Rare skin disease,
219,everolimus,Gastric cancer + Tuberous sclerosis + Renal cell carcinoma,Rare neoplastic disease + Rare developmental defect during embryogenesis,Rare neoplastic disease + Rare developmental defect during embryogenesis,
220,exemestane,breast cancer,Rare neoplastic disease,Rare neoplastic disease,
221,felbamate,Lennox-Gastaut syndrome,Rare neurologic disease,Rare neurologic disease,
222,fenfluramine hci,Rett syndrome + CDKL5 deficiency disorder + Lennox-Gastaut syndrome + Dravet syndrome,Rare neurologic disease + NA: CDKL5 deficiency disorder,Rare neurologic disease,
223,ferumoxytol,mangement of brain tumors,NA: mangement of brain tumors,Rare neoplastic disease,
224,fexinidazole,African trypanosomiasis + sleeping sickness,Rare infectious disease + NA: sleeping sickness,Rare infectious disease ,
225,fludarabine oral tablets,chronic lymphocytic leukaemia,Rare neoplastic disease,Rare neoplastic disease,
226,fomepizole,Alcohol poisoning,NA: Alcohol poisoning,Rare developmental defect during embryogenesis,
227,foscarbidopa and foslevodopa,Parkinson's,NA: Parkinson's,Rare neurologic disease,
228,fosphenytoin,status epilepticus,Rare neurologic disease,Rare neurologic disease,
229,fostamatinib disodium hexahydrate,immune thrombocytopenic purpura,NA: immune thrombocytopenic purpura,Rare hematologic disease,
230,futibatinib,Cholangiocarcinoma,Rare neoplastic disease,Rare neoplastic disease,
231,gabapentin,amyotrophic lateral sclerosis,Rare neurologic disease,Rare neurologic disease,
232,gabapentin enacarbil,postherpetic neuralgia,NA: postherpetic neuralgia,Rare neurologic disease,
233,gallium-68 octreotide,gastro-entero-pancreatic neuroendocrine tumours,NA: gastro-entero-pancreatic neuroendocrine tumours,Rare neoplastic disease,
234,ganciclovir intravitreal implant,cytomegalovirus retinitis,NA: cytomegalovirus retinitis,Rare ophthalmic disorder,
235,gefitinib,Fanconi anaemia,Rare developmental defect during embryogenesis,Rare developmental defect during embryogenesis,
236,glutamine,Sickle cell,Rare hematologic disease,Rare hematologic disease,
237,glycopyrrolate,sialorrhea,NA: sialorrhea,Rare neurologic disease,
238,halofantrine,acute malaria,NA: acute malaria,Rare infectious disease,
239,hemin,ischaemia/reperfusion injury associated with solid organ transplantation,NA: ischaemia/reperfusion injury associated with solid organ transplantation,Rare disorder potentially indicated for transplant or complication after transplantation,
240,hydrocortisone,Adrenal insufficiency + Congenital adrenal hyperplasia,Rare endocrine disease,Rare endocrine disease,
241,hydroxycarbamide,Sickle cell,Rare hematologic disease,Rare hematologic disease,
242,hydroxyprogesterone caproate,Prevention of preterm birth in singleton pregnancies,NA: Prevention of preterm birth in singleton pregnancies,Rare gynecologic or obstetric disease,
243,ibrutinib,Marginal zone lymphoma + Diffuse large B-cell lymphoma + Mantle cell lymphoma + Chronic lymphocytic leukaemia,Rare neoplastic disease,Rare neoplastic disease,
244,ibuprofen lysine,Patent ductus arteriosus,Rare developmental defect during embryogenesis,Rare developmental defect during embryogenesis,
245,idarubicin hcl for injection,leukemia,Rare neoplastic disease,Rare neoplastic disease,
246,idelalisib,Splenic marginal zone lymphoma,Rare neoplastic disease,Rare neoplastic disease,
247,ifosfamide,testicular cancer,NA: testicular cancer,Rare neoplastic disease,
248,iloprost inhalation solution,Systemic scleroderma,NA: Systemic scleroderma,Rare skin disease,
249,imatinib,Pulmonary arterial hypertension,Rare respiratory disease,Rare respiratory disease,
250,interferon alfa-2b,Essential thrombocythaemia + Chronic myeloid leukaemia + Polycythaemia vera,NA: Essential thrombocythaemia + Rare neoplastic disease + NA: Polycythaemia vera,Rare hematologic disease + Rare neoplastic disease,
251,intravenous carbamazepine,"metaphyseal chondrodysplasia, Schmid-type","NA: metaphyseal chondrodysplasia, Schmid-type",Rare bone disease,
252,iobenguane i,Neuroblastoma,Rare neoplastic disease,Rare neoplastic disease,
253,iron-hexacyanoferrate,contamination with radioactive or non-radioactive cesium or thallium,NA: contamination with radioactive or non-radioactive cesium or thallium,Rare disorder due to toxic effects,
254,isavuconazonium,Mucormycosis + Glioma,NA: Mucormycosis + Rare neoplastic disease,Rare infectious disease + Rare neoplastic disease,
255,ivabradine,dilated cardiomyopathy,Rare cardiac disease,Rare cardiac disease,
256,ivacaftor,Cystic fibrosis,Rare respiratory disease,Rare respiratory disease,
257,l-glutamine,Sickle cell,Rare hematologic disease,Rare hematologic disease,
258,lamotrigine,Lennox-Gastaut syndrome,Rare neurologic disease,Rare neurologic disease,
259,larotrectinib,Papillary thyroid cancer + Endocrine neoplasms malignant and unspecified + Salivary gland cancer + Soft tissue sarcoma,NA: Papillary thyroid cancer + NA: Endocrine neoplasms malignant and unspecified + NA: Salivary gland cancer + Rare neoplastic disease,Rare neoplastic disease,
260,ledipasvir/sofosbuvir,hepatitis C virus,Rare hepatic disease,Rare hepatic disease,
261,lenalidomide,Marginal zone lymphoma + Mantle cell lymphoma + Diffuse large B-cell lymphoma + Chronic lymphocytic leukaemia + Myelodysplastic syndromes + Multiple myeloma,Rare neoplastic disease,Rare neoplastic disease,
262,leniolisib,Immunodeficiency common variable + Activated PI3 kinase delta syndrome,NA: Immunodeficiency common variable + NA: Activated PI3 kinase delta syndrome,Rare immune disease,
263,lenvatinib,Papillary thyroid cancer + Follicular thyroid cancer + Hepatocellular carcinoma,NA: Papillary thyroid cancer + NA: Follicular thyroid cancer + Rare neoplastic disease,Rare neoplastic disease,
264,leucovorin,osteosarcoma,Rare neoplastic disease,Rare neoplastic disease,
265,levacetylleucine,Spinocerebellar ataxia + GM2 gangliosidosis + Niemann-Pick disease + Ataxia + Apraxia + Galactosialidosis + Ataxia telangiectasia,Rare neurologic disease + Rare inborn errors of metabolism + NA: Ataxia telangiectasia,Rare neurologic disease + Rare inborn errors of metabolism,
266,levocarnitine,carnitine deficiency,Rare inborn errors of metabolism,Rare inborn errors of metabolism,
267,levodopa and carbidopa,Parkinson's disease,NA: Parkinson's disease,Rare neurologic disease,
268,levoketoconazole,Cushing's syndrome,NA: Cushing's syndrome,Rare endocrine disease,
269,levoleucovorin,osteosarcoma,Rare neoplastic disease,Rare neoplastic disease,
270,levomethadyl,heroin addicts,NA: heroin addicts,Rare disorder due to toxic effects,
271,lidocaine patch,postherpetic neuralgia,NA: postherpetic neuralgia,Rare neurologic disease,
272,linerixibat,Primary biliary cholangitis,Rare hepatic disease,Rare hepatic disease,
273,liothyronine injection,myxedema coma/precoma,NA: myxedema coma/precoma,Rare endocrine disease,
274,liposomal amikacin,nontuberculous mycobacterial lung disease + Cystic fibrosis + Pseudomonas aeruginosa lung infection in cystic fibrosis,NA: nontuberculous mycobacterial lung disease + Rare respiratory disease + NA: Pseudomonas aeruginosa lung infection in cystic fibrosis,Rare respiratory disease,
275,lodoxamide tromethamine,vernal keratoconjunctivitis,Rare ophthalmic disorder,Rare ophthalmic disorder,
276,lomitapide,Familial Chylomicronemia,Rare endocrine disease,Rare endocrine disease,
277,lorlatinib,non-small cell lung cancer,NA: non-small cell lung cancer,Rare neoplastic disease,
278,lumacaftor and ivacaftor,Cystic fibrosis,Rare respiratory disease,Rare respiratory disease,
279,tezacaftor;ivacaftor,Cystic fibrosis,Rare respiratory disease,Rare respiratory disease,
280,lurbinectedin,Soft tissue sarcoma + Mesothelioma malignant + Small cell lung cancer recurrent + Ovarian cancer,Rare neoplastic disease + NA: Mesothelioma malignant + NA: Small cell lung cancer recurrent,Rare neoplastic disease,
281,macimorelin,growth hormone deficiency,Rare endocrine disease,Rare endocrine disease,
282,macitentan,Pulmonary hypertension + Heart disease congenital + Pulmonary arterial hypertension + Idiopathic pulmonary fibrosis,Rare respiratory disease + NA: Heart disease congenital,Rare respiratory disease + Rare cardiac disease,
283,macitentan and tadalafil,pulmonary arterial hypertension,Rare respiratory disease,Rare respiratory disease,
284,mafenide solution,bacterial infections in severe burns and to promote wound healing,NA: bacterial infections in severe burns and to promote wound healing,Rare infectious disease,
285,mannitol,Cystic fibrosis,Rare respiratory disease,Rare respiratory disease,
286,mavacamten,symptomatic hypertrophic cardiomyopathy,NA: symptomatic hypertrophic cardiomyopathy,Rare cardiac disease,
287,mebendazole,Congenital cystic kidney disease,NA: Congenital cystic kidney disease,Rare renal disease,
288,megestrol,granulosa cell tumours,NA: granulosa cell tumours,Rare neoplastic disease,
289,meloxicam,juvenile rheumatoid arthritis,NA: juvenile rheumatoid arthritis,Rare systemic or rheumatologic disease,
290,melphalan,Plasma cell myeloma,NA: Plasma cell myeloma,Rare neoplastic disease,
291,melphalan flufenamide,Plasma cell myeloma,NA: Plasma cell myeloma,Rare neoplastic disease,
292,mercaptopurine oral solution,Acute lymphoblastic leukaemia,Rare neoplastic disease,Rare neoplastic disease,
293,mesalamine; 5-aminosalicylic acid,ulcerative colitis,NA: ulcerative colitis,Rare gastroenterologic disease,
294,mesna,hemorrhagic cystitis,NA: hemorrhagic cystitis,Rare urogenital disease,
295,methotrexate oral solution,Lymphoma + Retinal dystrophy + Retinal detachment + Alkaptonuria + Acute lymphoblastic leukaemia,Rare neoplastic disease + Rare ophthalmic disorder + Rare inborn errors of metabolism,Rare neoplastic disease + Rare ophthalmic disorder + Rare inborn errors of metabolism,
296,methylene blue,methemoglobinemia,Rare hematologic disease,Rare hematologic disease,
297,metronidazole,Pouchitis,Rare gastroenterologic disease,Rare gastroenterologic disease,
298,midazolam,Status epilepticus,Rare neurologic disease,Rare neurologic disease,
299,midodrine hcl,orthostatic hypotension,Rare neurologic disease,Rare neurologic disease,
300,miglustat,Neuronal ceroid lipofuscinosis + Glycogen storage disease type II + Niemann-Pick disease + Gaucher's disease,Rare neurologic disease + NA: Glycogen storage disease type II + Rare inborn errors of metabolism + NA: Gaucher's disease,Rare neurologic disease + Rare inborn errors of metabolism,
301,miltefosine,Cutaneous T-cell lymphoma + Acanthamoeba keratitis + Visceral leishmaniasis,Rare neoplastic disease + NA: Acanthamoeba keratitis + NA: Visceral leishmaniasis,Rare neoplastic disease + Rare infectious disease,
302,mitomycin-c,anal cancer,NA: anal cancer,Rare neoplastic disease,
303,mitoxantrone hcl,acute nonlymphocytic leukemia + peripheral T-cell lymphoma + multiple sclerosis,NA: acute nonlymphocytic leukemia + Rare neoplastic disease + Rare neurologic disease,Rare neoplastic disease + Rare neurologic disease,
304,mobocertinib,non-small cell lung cancer,NA: non-small cell lung cancer,Rare neoplastic disease,
305,modafinil,narcolepsy,Rare neurologic disease,Rare neurologic disease,
306,monooctanoin,gallstones,NA: gallstones,Rare gastroenterologic disease,
307,morphine concentrate,intractable chronic pain,NA: intractable chronic pain,Rare neurologic disease,
308,moxidectin,onchocerciasis volvulus,NA: onchocerciasis volvulus,Rare infectious disease,
309,naltrexone hcl,Chronic fatigue + Fibromyalgia,NA: Chronic fatigue + NA: Fibromyalgia,Rare systemic or rheumatologic disease,
310,nelarabine,Acute lymphoblastic leukaemia,Rare neoplastic disease,Rare neoplastic disease,
311,nerandomilast,Idiopathic pulmonary fibrosis,Rare respiratory disease,Rare respiratory disease,
312,nifurtimox,Chagas disease,NA: Chagas disease,Rare infectious disease,
313,nilotinib,Chronic myeloid leukaemia + Gastrointestinal stromal tumours,Rare neoplastic disease + NA: Gastrointestinal stromal tumours,Rare neoplastic disease,
314,nimodipine,aneurysmal subarachnoid haemorrhage,NA: aneurysmal subarachnoid haemorrhage,Rare neurologic disease,
315,nintedanib,Idiopathic pulmonary fibrosis + Systemic sclerosis,Rare respiratory disease + Rare systemic or rheumatologic disease + NA: ,Rare respiratory disease + Rare systemic or rheumatologic disease,
316,nitazoxanide,cryptosporidiosis,Rare infectious disease,Rare infectious disease,
317,nitisinone,Alkaptonuria,Rare inborn errors of metabolism,Rare inborn errors of metabolism,
318,nitric oxide,Cystic fibrosis,Rare respiratory disease,Rare respiratory disease,
319,ofloxacin,bacterial corneal ulcers,NA: bacterial corneal ulcers,Rare ophthalmic disorder,
320,olaparib,Ovarian cancer,Rare neoplastic disease,Rare neoplastic disease,
321,olutasidenib,Acute myeloid leukaemia,Rare neoplastic disease,Rare neoplastic disease,
322,omacetaxine mepesuccinate,Acute myeloid leukaemia + Chronic myeloid leukaemia,Rare neoplastic disease,Rare neoplastic disease,
323,osimertinib,non-small cell lung cancer,NA: non-small cell lung cancer,Rare neoplastic disease,
324,paclitaxel,Gastric cancer + Soft tissue sarcoma + Pancreatic cancer + Ovarian cancer,Rare neoplastic disease + NA: Pancreatic cancer,Rare neoplastic disease,
325,pacritinib,Primary myelofibrosis + Post essential thrombocythemia myelofibrosis,Rare neoplastic disease + NA: Post essential thrombocythemia myelofibrosis,Rare neoplastic disease + Rare hematologic disease,
326,panobinostat,Glioma + Multiple myeloma + Hodgkin's lymphoma + Cutaneous T-cell lymphoma,Rare neoplastic disease + NA: Hodgkin's lymphoma,Rare neoplastic disease,
327,paricalcitol,pediatric hyperparathyroidism,NA: pediatric hyperparathyroidism,Rare endocrine disease,
328,pazopanib,Renal cell carcinoma,Rare neoplastic disease,Rare neoplastic disease,
329,pegvaliase-pqpz,Hyperphenylalaninemia,Rare inborn errors of metabolism,Rare inborn errors of metabolism,
330,pemetrexed disodium,Mesothelioma,Rare neoplastic disease,Rare neoplastic disease,
331,pentamidine isethionate,pneumocystosis,Rare infectious disease,Rare infectious disease,
332,pentastarch,leukapheresis,NA: leukapheresis,Rare hematologic disease,
333,pentosan polysulfate,Mucopolysaccharidosis VI,NA: Mucopolysaccharidosis VI,Rare inborn errors of metabolism,
334,pentostatin for injection,hairy cell leukemia,Rare neoplastic disease,Rare neoplastic disease,
335,phenobarbital,neonatal seizures,NA: neonatal seizures,Rare neurologic disease,
336,phoxillum,renal replacement solution,NA: renal replacement solution,Other,
337,pilocarpine hcl,Sjogren's syndrome,NA: Sjogren's syndrome,Rare skin disease,
338,pirfenidone,Lung disorder + Idiopathic pulmonary fibrosis,NA: Lung disorder + Rare respiratory disease,Rare respiratory disease,
339,pirtobrutinib,Mantle cell lymphoma,Rare neoplastic disease,Rare neoplastic disease,
340,plerixafor,Acute respiratory distress syndrome,Rare respiratory disease,Rare respiratory disease,
341,polifeprosan 20 with carmustine,Glioma,Rare neoplastic disease,Rare neoplastic disease,
342,pomalidomide,Systemic sclerosis + Primary myelofibrosis + Multiple myeloma,Rare systemic or rheumatologic disease + Rare neoplastic disease,Rare systemic or rheumatologic disease + Rare neoplastic disease,
343,ponatinib,Chronic myeloid leukaemia + Acute lymphoblastic leukaemia,Rare neoplastic disease,Rare neoplastic disease,
344,porfimer,Cholangiocarcinoma,Rare neoplastic disease,Rare neoplastic disease,
345,posaconazole,invasive aspergillosis,NA: invasive aspergillosis,Rare infectious disease,
346,potassium iodide oral solution,thyroid blocking agent in pediatric patients exposed to radiactive iodine,NA: thyroid blocking agent in pediatric patients exposed to radiactive iodine,Other,
347,pralsetinib,metastatic RET fusion-positive solid tumors,NA: metastatic RET fusion-positive solid tumors,Rare neoplastic disease,
348,propranolol,Cerebral cavernous malformation + Retinopathy of prematurity + Von Hippel-Lindau disease + Soft tissue sarcoma,Rare developmental defect during embryogenesis + Rare ophthalmic disorder + Rare neoplastic disease,Rare developmental defect during embryogenesis + Rare ophthalmic disorder + Rare neoplastic disease,
349,quinine,malaria,Rare infectious disease,Rare infectious disease,
350,quizartinib,Acute myeloid leukaemia,Rare neoplastic disease,Rare neoplastic disease,
351,raloxifene,Hereditary haemorrhagic telangiectasia,NA: Hereditary haemorrhagic telangiectasia,Rare developmental defect during embryogenesis,
352,regorafenib,Glioma,Rare neoplastic disease,Rare neoplastic disease,
353,repotrectinib,non-small cell lung cancer,NA: non-small cell lung cancer,Rare neoplastic disease,
354,revumenib,Acute myeloid leukaemia,Rare neoplastic disease,Rare neoplastic disease,
355,ribavirin,Hepatitis E + Lassa fever + Haemorrhagic fever with renal syndrome,NA: Hepatitis E + Rare infectious disease + NA: Haemorrhagic fever with renal syndrome,Rare hepatic disease + Rare infectious disease,
356,riboflavin ophthalmic solution & ultraviolet a,Medium-chain acyl-coenzyme A dehydrogenase deficiency,NA: Medium-chain acyl-coenzyme A dehydrogenase deficiency,Rare inborn errors of metabolism,
357,rifabutin,disseminated Mycobacterium avium complex disease,NA: disseminated Mycobacterium avium complex disease,Rare infectious disease,
358,rifampin,Frontotemporal Dementia,Rare neurologic disease,Rare neurologic disease,
359,rifampin + isoniazid + pyrazinamide,tuberculosis,Rare infectious disease,Rare infectious disease,
360,rifapentine,Tuberculosis,Rare infectious disease,Rare infectious disease,
361,rifaximin,hepatic encephalopathy,NA: hepatic encephalopathy,Rare hepatic disease,
362,riluzole,traumatic spinal cord injury,NA: traumatic spinal cord injury,Rare neurologic disease,
363,riociguat,Systemic sclerosis,Rare systemic or rheumatologic disease,Rare systemic or rheumatologic disease,
364,risdiplam,Spinal muscular atrophy,Rare neurologic disease,Rare neurologic disease,
365,rosuvastatin,pediatric homozygous familial hypercholesterolemia,NA: pediatric homozygous familial hypercholesterolemia,Rare endocrine disease,
366,rucaparib,Ovarian cancer,Rare neoplastic disease,Rare neoplastic disease,
367,rufinamide,Lennox-Gastaut syndrome,Rare neurologic disease,Rare neurologic disease,
368,ruxolitinib,Polycythaemia vera,NA: Polycythaemia vera,Rare hematologic disease,
369,sapropterin,Hyperphenylalaninemia,Rare inborn errors of metabolism,Rare inborn errors of metabolism,
370,selegiline hcl,idiopathic Parkinson's disease,NA: idiopathic Parkinson's disease,Rare neurologic disease,
371,selexipag,Pulmonary arterial hypertension and chronic thromboembolic pulmonary hypertension,NA: Pulmonary arterial hypertension and chronic thromboembolic pulmonary hypertension,Rare circulatory system disease,
372,selinexor,Myelofibrosis + Glioma + Plasma cell myeloma + Acute myeloid leukaemia,Rare neoplastic disease + NA: Plasma cell myeloma,Rare neoplastic disease,
373,selpercatinib,Medullary thyroid cancer,NA: Medullary thyroid cancer,Rare neoplastic disease,
374,sevabertinib,non-small cell lung cancer,NA: non-small cell lung cancer,Rare neoplastic disease,
375,sildenafil,Mitochondrial encephalomyopathy + Congenital diaphragmatic hernia,Rare neurologic disease + Rare developmental defect during embryogenesis,Rare neurologic disease + Rare developmental defect during embryogenesis,
376,nitrite and thiosulfate,suspected cyanide poisoning,NA: suspected cyanide poisoning,Rare disorder due to toxic effects,
377,oxybate,Narcolepsy,Rare neurologic disease,Rare neurologic disease,
378,phenylbutyrate and taurursodiol,Amyotrophic lateral sclerosis + Wolfram syndrome,Rare neurologic disease + Rare endocrine disease,Rare neurologic disease + Rare endocrine disease,
379,thiosulfate,Calciphylaxis,Rare systemic or rheumatologic disease,Rare systemic or rheumatologic disease,
380,sofosbuvir,chronic hepatitis C virus infection,NA: chronic hepatitis C virus infection,Rare hepatic disease,
381,solriamfetol,Narcolepsy,Rare neurologic disease,Rare neurologic disease,
382,sorafenib,Follicular thyroid cancer + Papillary thyroid cancer + Hepatocellular carcinoma + Renal cell carcinoma,NA: Follicular thyroid cancer + NA: Papillary thyroid cancer + Rare neoplastic disease,Rare neoplastic disease,
383,sotalol hcl,ventricular arrhythmias in pediatric patients,NA: ventricular arrhythmias in pediatric patients,Rare cardiac disease,
384,sotorasib,non-small cell lung cancer,NA: non-small cell lung cancer,Rare neoplastic disease,
385,sterile talc powder,malignant pleural effusion,NA: malignant pleural effusion,Rare respiratory disease,
386,stiripentol,Hyperoxaluria,Rare renal disease,Rare renal disease,
387,succimer,lead poisoning in children,NA: lead poisoning in children,Rare disorder due to toxic effects,
388,sulfadiazine,severe dermal burns,NA: severe dermal burns,Rare skin disease,
389,tacrolimus extended-release capsules,Pulmonary arterial hypertension,Rare respiratory disease,Rare respiratory disease,
390,tadalafil,pulmonary arterial hypertension,Rare respiratory disease,Rare respiratory disease,
391,tafamidis meglumine,Familial amyloid polyneuropathy,NA: Familial amyloid polyneuropathy,Rare neurologic disease,
392,tafenoquine,malaria,Rare infectious disease,Rare infectious disease,
393,taletrectinib,non-small cell lung cancer,NA: non-small cell lung cancer,Rare neoplastic disease,
394,tasimelteon,Smith-Magenis syndrome,Rare developmental defect during embryogenesis,Rare developmental defect during embryogenesis,
395,tazemetostat,Diffuse large B-cell lymphoma,Rare neoplastic disease,Rare neoplastic disease,
396,tecovirimat,Cow pox,NA: Cow pox,Rare infectious disease,
397,temozolomide,Glioma + Neuroblastoma,Rare neoplastic disease,Rare neoplastic disease,
398,teniposide,lymphocytic leukemia,Rare neoplastic disease,Rare neoplastic disease,
399,tenofovir,Aicardi-Goutières syndrome,Rare neurologic disease,Rare neurologic disease,
400,tepotinib,non-small cell lung cancer,NA: non-small cell lung cancer,Rare neoplastic disease,
401,tetrabenazine,Huntington's Disease,NA: Huntington's Disease,Rare neurologic disease,
402,thalidomide,Hereditary haemorrhagic telangiectasia + Multiple myeloma + Type 2 lepra reaction,NA: Hereditary haemorrhagic telangiectasia + Rare neoplastic disease + NA: Type 2 lepra reaction,Rare developmental defect during embryogenesis + Rare neoplastic disease + Rare infectious disease,
403,thiotepa,Conditioning treatment prior to haematopoietic progenitor  cell transplantation,NA: Conditioning treatment prior to haematopoietic progenitor cell transplantation,Rare disorder potentially indicated for transplant,
404,tinidazole,giardiasis,NA: giardiasis,Rare infectious disease,
405,tiopronin,cystinuria,Rare renal disease,Rare renal disease,
406,tobramycin for inhalation,Cystic fibrosis,Rare respiratory disease,Rare respiratory disease,
407,tolvaptan,autosomal dominant polycystic kidney disease,Rare renal disease,Rare renal disease,
408,topiramate,Neonatal seizure,NA: Neonatal seizure,Rare neurologic disease,
409,toremifene,metastatic carcinoma of the breast,NA: metastatic carcinoma of the breast,Rare neoplastic disease,
410,trabectedin,Ovarian cancer + Soft tissue sarcoma,Rare neoplastic disease,Rare neoplastic disease,
411,trametinib and dabrafenib,Glioma,Rare neoplastic disease,Rare neoplastic disease,
412,treosulfan,Conditioning treatment prior to haematopoietic progenitor cell transplantation,NA: Conditioning treatment prior to haematopoietic progenitor cell transplantation,Conditioning treatment prior to haematopoietic progenitor cell transplantation,
413,treprostinil inhalation powder,Systemic sclerosis + Pulmonary arterial hypertension + Idiopathic pulmonary fibrosis + Chronic thromboembolic pulmonary hypertension,Rare systemic or rheumatologic disease + Rare respiratory disease,Rare systemic or rheumatologic disease + Rare respiratory disease,
414,triclabendazole,fascioliasis,NA: fascioliasis,Rare infectious disease,
415,trientine hcl,Wilson’s disease,NA: Wilson’s disease,Rare hepatic disease,
416,trifluridine/tipiracil,gastric cancer,Rare neoplastic disease,Rare neoplastic disease,
417,triheptanoin,Carnitine palmitoyltransferase deficiency + Fatty acid oxidation disorder + McArdle's disease,NA: Carnitine palmitoyltransferase deficiency + Rare inborn errors of metabolism + NA: McArdle's disease,Rare inborn errors of metabolism,
418,trimetrexate glucuronate,Pneumocystis carinii pneumonia in AIDS,NA: Pneumocystis carinii pneumonia in AIDS,Rare infectious disease,
419,trypan blue,During ophthalmic surgery,NA: During ophthalmic surgery,Other,
420,tucatinib,breast cancer patients with brain metastases,NA: breast cancer patients with brain metastases,Rare neoplastic disease,
421,umbralisib,lymphoma,Rare neoplastic disease,Rare neoplastic disease,
422,upadacitinib,juvenile idiopathic arthritis,Rare systemic or rheumatologic disease,Rare systemic or rheumatologic disease,
423,uridine triacetate,Oroticaciduria congenital + Overdose,NA: Oroticaciduria congenital + NA: Overdose,Rare inborn errors of metabolism,
424,urofollitropin,polycystic ovarian disease,NA: polycystic ovarian disease,Rare gynecologic or obstetric disease,
425,ursodiol,primary biliary cirrhosis,NA: primary biliary cirrhosis,Rare hepatic disease,
426,valbenazine,Huntington’s,NA: Huntington’s,Rare neurologic disease,
427,valrubicin,carcinoma in situ of the urinary bladder,NA: carcinoma in situ of the urinary bladder,Rare neoplastic disease,
428,vandetanib,medullary thyroid carcinoma,Rare neoplastic disease,Rare neoplastic disease,
429,vanzacaftor + tezacaftor + and deutivacaftor,cystic fibrosis,Rare respiratory disease,Rare respiratory disease,
430,vemurafenib,Erdheim-Chester disease,Rare systemic or rheumatologic disease,Rare systemic or rheumatologic disease,
431,venetoclax,Mantle cell lymphoma + Multiple myeloma + Diffuse large B-cell lymphoma + Acute myeloid leukaemia + Chronic lymphocytic leukaemia,Rare neoplastic disease,Rare neoplastic disease,
432,vigabatrin,West syndrome,NA: West syndrome,Rare neurologic disease,
433,vincristine liposome injection,acute lymphoblastic leukaemia,Rare neoplastic disease,Rare neoplastic disease,
434,vorinostat,Multiple myeloma + Cutaneous T-cell lymphoma,Rare neoplastic disease,Rare neoplastic disease,
435,zanubrutinib,Marginal zone lymphoma + Lymphoplasmacytoid lymphoma/immunocytoma refractory,Rare neoplastic disease + NA: Lymphoplasmacytoid lymphoma/immunocytoma refractory,Rare neoplastic disease,
436,zidovudine,AIDS,Rare immune disease,Rare immune disease,
437,ziftomenib,Acute myeloid leukaemia,Rare neoplastic disease,Rare neoplastic disease,
438,zinc,facioscapulohumeral muscular dystrophy + Wilson’s disease,NA: facioscapulohumeral muscular dystrophy + NA: Wilson’s disease,Rare genetic disease + Rare hepatic disease,
439,zoledronate,glioma,Rare neoplastic disease,Rare neoplastic disease,